{
  "benchmark": "Filter",
  "framekit": {
    "name": "framekit-filter",
    "samplesMs": [
      14.824208,
      11.996292,
      8.855375,
      6.885,
      9.706625,
      5.951625,
      11.683875,
      40.751584,
      14.805584,
      11.863666
    ],
    "medianMs": 11.683875,
    "p95Ms": 40.751584
  },
  "arquero": {
    "name": "arquero-filter",
    "samplesMs": [
      32.554958,
      8.78875,
      2.845375,
      1.603083,
      1.601084,
      6.479333,
      14.226542,
      5.388708,
      4.175833,
      4.414125
    ],
    "medianMs": 4.414125,
    "p95Ms": 32.554958
  },
  "relative": 2.6469288930422223
}
