{
  "benchmark": "Window",
  "framekit": {
    "name": "framekit-window",
    "samplesMs": [
      53.454375,
      35.222292,
      44.416083,
      71.361,
      51.332167,
      33.3905,
      112.315667,
      60.793042,
      46.246125,
      51.4445
    ],
    "medianMs": 51.332167,
    "p95Ms": 112.315667
  },
  "arquero": {
    "name": "arquero-window",
    "samplesMs": [
      73.631709,
      83.731083,
      88.116042,
      54.1595,
      59.335541,
      53.910667,
      69.822,
      64.364584,
      41.907958,
      39.487
    ],
    "medianMs": 59.335541,
    "p95Ms": 88.116042
  },
  "relative": 0.8651166928772083
}
