{
  "benchmark": "Reshape",
  "framekit": {
    "name": "framekit-reshape",
    "samplesMs": [
      63.976375,
      90.779333,
      69.984125,
      125.649,
      67.14275,
      45.951375,
      49.548458,
      52.905125,
      61.269917,
      54.728542
    ],
    "medianMs": 61.269917,
    "p95Ms": 125.649
  },
  "arquero": {
    "name": "arquero-reshape",
    "samplesMs": [
      90.593458,
      74.921333,
      47.890208,
      95.389084,
      79.568,
      38.327917,
      45.365,
      47.545458,
      34.103042,
      41.0795
    ],
    "medianMs": 47.545458,
    "p95Ms": 95.389084
  },
  "relative": 1.2886597285486239
}
