{
  "benchmark": "Sort",
  "framekit": {
    "name": "framekit-sort",
    "samplesMs": [
      61.96375,
      89.139042,
      84.483,
      165.709167,
      91.436833,
      44.976125,
      66.570625,
      72.93225,
      59.449333,
      54.123125
    ],
    "medianMs": 66.570625,
    "p95Ms": 165.709167
  },
  "arquero": {
    "name": "arquero-sort",
    "samplesMs": [
      30.084875,
      49.205666,
      36.450459,
      25.429042,
      42.81,
      26.419208,
      25.091375,
      34.365833,
      39.703709,
      30.218667
    ],
    "medianMs": 30.218667,
    "p95Ms": 49.205666
  },
  "relative": 2.20296365157338
}
