{
  "benchmark": "Join",
  "framekit": {
    "name": "framekit-join",
    "samplesMs": [
      26.648125,
      59.591542,
      84.5155,
      69.015042,
      136.660083,
      43.77975,
      71.595083,
      34.553042,
      75.182417,
      66.245667
    ],
    "medianMs": 66.245667,
    "p95Ms": 136.660083
  },
  "arquero": {
    "name": "arquero-join",
    "samplesMs": [
      24.9315,
      38.031,
      30.095958,
      30.240292,
      25.130917,
      22.258125,
      60.319208,
      15.67075,
      25.666666,
      31.2235
    ],
    "medianMs": 25.666666,
    "p95Ms": 60.319208
  },
  "relative": 2.581000080025976
}
