{
  "benchmark": "GroupBy",
  "framekit": {
    "name": "framekit-groupby",
    "samplesMs": [
      8.129333,
      13.714458,
      7.469334,
      6.752625,
      10.270667,
      5.908125,
      5.139083,
      10.0715,
      16.747666,
      15.365875
    ],
    "medianMs": 8.129333,
    "p95Ms": 16.747666
  },
  "arquero": {
    "name": "arquero-groupby",
    "samplesMs": [
      12.038834,
      15.119833,
      30.751167,
      9.3085,
      12.312125,
      9.362166,
      8.002083,
      6.767542,
      8.007333,
      14.043167
    ],
    "medianMs": 9.362166,
    "p95Ms": 30.751167
  },
  "relative": 0.8683175453201749
}
